,favorite_count,retweet_count,tweet_id
0,37772,8230,892420639486877696
1,32451,6081,892177413194625024
2,24435,4024,891815175371796480
3,41106,8386,891689552724799489
4,39314,9087,891327551943041024
5,19771,3015,891087942176911360
6,11554,1991,890971906207338496
7,63706,18286,890729118844600320
8,27157,4139,890609177319665665
9,31145,7151,890240245463175168
10,29938,7111,890006600089468928
11,27147,4823,889880888800096258
12,46920,9732,889665366129029120
13,26471,4392,889638825424826374
14,14758,2184,889531127467266049
15,24633,5207,889278779352338437
16,28422,4368,888917229776945152
17,24947,4151,888804981515575296
18,19347,3429,888554915546542081
19,21233,3386,888078426338406400
20,29471,5221,887705281597243393
21,45154,11349,887517108413886465
22,67311,17620,887473949361045505
23,32866,10113,887343120832229379
24,29839,5783,887101385971384320
25,34280,7533,886983218871902208
26,11764,3172,886736868116754432
27,21901,4327,886680331239161856
28,20671,3105,886366138128449536
29,116,4,na
30,27319,6109,886258377298292737
31,0,104,na
32,31836,6562,885984792034004992
33,35089,6234,885528931826368512
34,19947,3641,na
35,0,17989,830583314243268608
36,21381,4257,885167573385588737
37,75501,17713,884925516695965696
38,27236,5450,884876742820859904
39,23699,4550,884562886777065473
40,26361,5496,884441800177528832
41,71194,19909,na
42,19869,2892,884162662212489221
43,21365,3346,883838118432034816
44,44794,9639,883482838036860928
45,22147,3597,883360682745503744
46,36275,6473,883117826525024257
47,23376,3809,882992072327913472
48,27624,4761,882762686299353088
49,27281,5915,882627261886758912
50,43855,11257,882268100984492032
51,28631,4814,882045864507736065
52,23745,3302,881906570426281984
53,49390,10372,881666587375304705
54,124,7,na
55,48241,15507,881535971568889856
56,22559,5035,881268439486169090
57,16639,2706,880935758152028161
58,20759,3722,880872431472267264
59,27853,6102,880465790071427074
60,26375,4098,880221119067770882
61,26961,4219,880095777175076864
62,21818,3400,879862459263307776
63,301,10,na
64,22879,3093,879492035853660161
65,103320,43099,879415784908390401
66,16406,3026,879376482266632192
67,0,6632,na
68,22022,4580,879050744279834628
69,18545,2621,879008224678207491
70,18964,4015,878776084946448384
71,29545,7009,na
72,0,1252,na
73,0,6473,na
74,7561,1252,878281503754510336
75,41056,6632,878057599261745152
76,77892,18595,877736466763448320
77,0,78,876850756556607488
78,22206,3701,877556240326512640
79,26761,5053,877316816103772164
80,26504,5437,877201827330174976
81,20224,3254,876838110318936065
82,23016,4524,na
83,18344,2333,876484043352588288
84,27315,4567,876120269428932608
85,24638,4186,875747755280318464
86,21453,4818,875144175078957056
87,26816,5911,na
88,24922,4611,875021140921417728
89,27225,4536,874680081829904384
90,0,14377,na
91,25505,4016,874296776056078336
92,22218,3867,874057549548589057
93,33797,10177,874012990328197120
94,23709,3851,873580279771926529
95,0,1551,na
96,7085,1551,873213769794670593
97,26774,5308,872967099819462661
98,14442,3624,872820673743376386
99,20382,3624,872620798208610305
100,39912,8856,872486967967006720
101,33751,7983,872122708573777925
102,37215,10955,871879745683804161
103,19894,3419,871762515608436741
104,19847,3402,871515922741284865
105,0,5604,na
106,20574,5424,na
107,22304,3762,871032610994225153
108,33077,6114,870804299743338497
109,117,3,na
110,12207,2603,870656293136216066
111,81433,25886,870374041554751488
112,21513,4103,870308992022568960
113,36090,8239,870063191304392704
114,41806,9921,869772408907071492
115,27831,6275,869702951354474496
116,15764,3106,869596640562249728
117,20192,3756,869227980345798656
118,64737,14331,868880391209275392
119,0,2077,na
120,26401,5255,868622480696651777
121,9998,2077,868552270358618113
122,23914,4149,867900486011297792
123,33592,7290,867774933065236480
124,15934,2485,867420991437365250
125,0,120,865013414103363585
126,31922,7818,867051512509460480
127,19881,4784,na
128,19107,3461,866686816879087618
129,121123,35150,866450698984185856
130,52072,14377,866334954229301248
131,0,8336,na
132,25430,5600,865718147889979392
133,26262,4987,865359385135955968
134,27808,7672,865006724092010496
135,32062,8696,864873202618687489
136,14547,3023,864279556340957184
137,29962,8921,864197387966791680
138,20498,4135,863907404156518400
139,15224,4180,863553036815355904
140,0,2446,na
141,23704,5244,863432092616491008
142,2242,97,na
143,8732,1107,863079538779013120
144,8486,2446,863062462383378432
145,19095,5113,862831346963447808
146,16999,3535,862722516858445824
147,20443,4975,862457580722860032
148,74266,23370,862096984366354432
149,36034,10756,861383888685236224
150,17156,4177,861288473281437696
151,16682,3820,861005103205031937
152,0,2173,na
153,0,825,860914470050295814
154,7510,2173,860563764940226560
155,23610,5323,860524497660776448
156,18296,3501,860276575736020992
157,16682,5902,860184837587517440
158,0,31136,na
159,19559,4116,859924516142804992
160,15421,3542,859851567826169857
161,18613,1587,859607806428803077
162,90089,30498,859196962498805762
163,33949,13761,859074595021836288
164,0,8241,na
165,15587,3523,858843519850614784
166,21570,4899,858471621065150464
167,15777,2938,858107922668277760
168,16199,2619,857989982342057986
169,34417,10798,857746390159675396
170,5936,1668,857393395161067520
171,20114,4584,857263152219791360
172,228,18,na
173,0,174,na
174,19036,4077,857029813072252928
175,0,10887,na
176,16375,2931,856543816828018689
177,11931,1921,856526604033556482
178,0,689,na
179,523,17,na
180,27951,6453,856282018912628741
181,347,26,na
182,5066,1045,na
183,11964,2156,na
184,45924,18130,855851444666236933
185,26883,5562,na
186,30213,8398,855459446566400000
187,0,6123,na
188,0,47,na
189,23114,6261,854732704503431168
190,29675,7061,854482381390073856
191,19139,4821,854365212241043457
192,32429,7696,854120347066548224
193,16445,3239,854010162683707392
194,29027,5961,853760873545973760
195,35395,10455,853639138628837376
196,15794,3683,853299949064388608
197,0,2070,na
198,9222,1897,852912235101921280
199,15196,2232,852672601419911169
200,16660,3633,852553437929721865
201,33746,10227,852311356040765442
202,20394,7033,852223481894903808
203,11693,1642,852189646159327233
204,0,9968,829374333562798080
205,0,23,848289376614404097
206,16546,3592,851591634672287744
207,24802,7354,851464803281489921
208,21136,5938,851224878485315584
209,31693,9638,850753625559322625
210,13374,2724,850380153985355777
211,3523,348,na
212,16731,3976,850145600721047552
213,20953,5090,850019779427667968
214,31226,7914,849776958493818880
215,0,5154,na
216,16292,3274,849412289417494528
217,11710,1966,849336535245877248
218,43554,8874,849051911668064256
219,25886,4504,848690539105071104
220,25444,4797,848324954202439680
221,8404,777,na
222,16776,3205,848212097242615808
223,0,3401,na
224,0,444,847970989635928064
225,24199,5324,847962765348052992
226,5620,1398,847842804353032196
227,7206,441,na
228,19343,3558,847606161679331329
229,21069,4488,847251028009336833
230,20537,6136,847157199944208384
231,22040,3345,847116177323253760
232,20674,4111,846874803135021056
233,45995,12160,846514034648190977
234,14539,3224,na
235,32679,9518,846153751811387393
236,31871,10387,na
237,16504,3036,846042902916583425
238,30213,9164,845812035082440705
239,25939,5020,845677937315713024
240,7887,1895,845397049587699714
241,24090,5664,845306874031476736
242,0,8041,na
243,14080,2708,844979535204429824
244,15624,3380,844973805558685696
245,40014,10887,844704782761775106
246,17050,3304,844580505345511424
247,14099,2316,844223764510334976
248,15661,3083,na
249,22179,4878,843856835564240896
250,17471,2900,843604386559348738
251,22253,6372,843235535846031360
252,15761,3800,842846286093209601
253,6990,1346,842765306540052480
254,18738,3703,842535582697971714
255,25340,6123,842163518233292801
256,14515,3202,842115183262736384
257,0,16173,817423809049493505
258,26587,8193,841680565212454913
259,13090,3890,841439843452387328
260,20509,5755,na
261,16419,4967,841311812641533952
262,23737,5604,841077001360461824
263,0,1855,na
264,0,17083,na
265,183,2,na
266,12746,1038,840696683398746112
267,9311,1855,840632328313495553
268,17089,4811,840370672886923264
269,20020,6072,840267990708961280
270,13941,2428,839990262579396609
271,28593,8241,839549305585295362
272,0,150,na
273,28272,6929,839239862192648194
274,20387,4212,na
275,11628,2195,838921573767618560
276,0,36,838905954309529600
277,0,11716,na
278,11359,1402,838561486968668161
279,23489,5096,838476379071086592
280,0,10697,na
281,1747,352,na
282,147,0,na
283,18332,3350,838083881886633984
284,35585,8336,837820156113911808
285,3995,468,837482239088820224
286,13303,2424,837471224582262785
287,22029,5634,837366274258841600
288,16684,2540,837110202889617409
289,13244,2444,836989950847512576
290,20050,4901,836753505905963010
291,13140,2364,836677701918392320
292,0,579,na
293,0,29429,na
294,15367,3155,836380472099897348
295,22158,4555,836260074393747456
296,19913,4563,836001068119019522
297,0,8676,na
298,18570,3854,835574540805763072
299,0,1815,na
300,0,22369,na
301,17136,3196,835297922317070336
302,8060,1815,835264086267072512
303,2183,77,na
304,27260,6111,835172763019194370
305,23428,3212,835152428160978949
306,11293,1757,834931620566208513
307,22120,5859,834786230550290432
308,14269,2692,834574036302757888
309,0,11386,na
310,10037,1787,834458045388378116
311,21520,5098,834209711306186752
312,16455,3881,834167335145570304
313,10494,2265,na
314,13644,2364,834086371694362625
315,14003,2559,833863075296067585
316,18800,3979,833826091328430080
317,0,228,na
318,21652,3418,833722895578886144
319,15507,2200,833479630938062852
320,21100,5154,833124662091542528
321,13888,2365,832998142459011073
322,0,40,832766375433154560
323,17590,3867,832757300183994371
324,12409,3132,na
325,3050,555,na
326,16557,2973,832636085544955904
327,12477,2373,832397519002988544
328,17948,3401,832369869089800192
329,11825,2491,832273373149413377
330,0,6612,na
331,0,10013,793286466235408384
332,70,2,na
333,0,10374,769940407350362112
334,18642,4960,832032796369645570
335,25089,6556,831939770607616000
336,357,35,na
337,28919,6973,831911578865848320
338,10936,1936,831670443132252160
339,7511,2070,831650039864885250
340,9408,2454,831552915512901632
341,9648,1638,831322776149430272
342,6837,1192,831314890077908992
343,12278,2619,831309408604868609
344,12461,2193,831262617675051009
345,8338,1597,830956118893543424
346,70008,17989,830583314243268608
347,0,6100,na
348,10288,3205,830097389742673920
349,0,5380,826958645422342144
350,12811,2095,829861385404309504
351,33244,11386,829501977667235840
352,10958,2167,829449933933666313
353,36268,9968,829374333562798080
354,25670,7946,829141507319934977
355,55532,17391,829011938298429440
356,0,3639,na
357,26787,6289,828770330328104960
358,38381,12046,828708704870555649
359,9955,1445,828650005158301697
360,6608,1234,828409725217865731
361,8031,1380,828408667334647809
362,13247,2387,828381626287656960
363,7735,1144,828376488684695552
364,13157,3167,828372634769440768
365,2302,182,na
366,12338,3069,828046540409180160
367,10865,2307,828011664142393344
368,21120,5605,827933393308442624
369,16169,3223,827653897133101057
370,7769,1018,827600501818671104
371,16654,3288,827324936784117760
372,11098,2407,827199955093843969
373,22660,5380,826958645422342144
374,38288,10979,826848814229237760
375,0,4247,na
376,5374,270,na
377,10581,2521,826598343044452352
378,19353,4512,826476722593865729
379,13948,2779,826240471433412613
380,5131,1001,826204706728968192
381,16453,3374,826115125966958597
382,11001,2013,825876488746565634
383,13388,2678,825829613733629956
384,54768,18491,825535037626056704
385,19251,4919,825147581856677888
386,0,1372,na
387,6676,1372,825026580980314112
388,0,5916,795076720525279233
389,15747,3787,824775105737809920
390,10602,1866,824663919851687936
391,12418,11192,824325607026737152
392,15861,4167,824297040662450181
393,5022,634,na
394,11198,2914,823939620815667201
395,0,12081,na
396,13254,2599,823698991951056896
397,13728,2851,823581103512436736
398,734,27,na
399,16568,4329,823322663322079233
400,0,10611,822244810299936769
401,18216,3709,822975307724496896
402,139389,47273,822872859181809664
403,13942,2466,822859122781683714
404,0,6902,822489041455157248
405,15579,3199,822610349065179137
406,19143,6902,822489041455157248
407,29987,15790,822462929555652610
408,36918,10611,822244810299936769
409,0,5184,na
410,11964,2525,821886054592552961
411,0,3609,780601293052190720
412,8871,1796,821765912948772865
413,8464,1916,821522878252384256
414,0,6042,na
415,12424,4690,821407155391725568
416,267,10,na
417,9180,2177,821149477142556673
418,10119,2301,821107776281669633
419,13361,2477,821044517277233152
420,0,7244,na
421,33280,10697,820749705474965509
422,12873,3476,820690162338279425
423,0,610,na
424,0,2789,800141411257643009
425,3520,610,820314599069138944
426,20925,6793,820078598778454020
427,0,1278,na
428,5617,1278,819952225594261509
429,13592,5224,819924138965999617
430,14214,3385,819711336993198081
431,10118,2132,819588347551064066
432,7625,1305,819347090459463681
433,2416,437,na
434,24374,7244,819227674182828033
435,0,39771,819004789207928832
436,0,20490,819006388206649344
437,47730,20490,819006388206649344
438,91558,39771,819004789207928832
439,0,22577,na
440,23455,8074,818627201767710720
441,10417,2791,818614452752760832
442,0,6651,773547591439122432
443,11530,2680,818536454431260672
444,0,8797,na
445,11645,2473,818259456588812288
446,12989,2809,818145346668916739
447,5124,855,na
448,54755,29429,817827663108771841
449,11317,2902,817777588030476288
450,12478,3288,817536359321714688
451,0,3675,na
452,36127,16173,817423809049493505
453,5929,1043,817415587425058816
454,0,9193,815965888126062592
455,9236,2181,817171279044313089
456,12884,2838,817120951791824896
457,9070,1787,817056537596207104
458,0,5107,790946047744966656
459,10589,2195,816816665971347457
460,10371,2390,816697633502658561
461,32326,8797,816450564926164996
462,9098,2117,816336726218117120
463,9461,2342,816091903011725312
464,0,1128,na
465,0,5753,732005607704649728
466,5284,1128,815990706170904578
467,23732,9193,815965888126062592
468,0,4482,na
469,10419,2464,815736380588433408
470,8699,1781,815639378504589312
471,10967,4128,815390410663231493
472,8096,1393,814986493374636033
473,11919,2942,814638512821694464
474,0,6290,na
475,9164,2017,814530153418203136
476,30489,9417,814152984946876416
477,0,3462,790277108719386624
478,9843,2035,813910431769251840
479,38552,15208,813812734823399424
480,8847,1906,813800671384391680
481,19777,7931,813217879311192066
482,9738,1955,813202711042818048
483,21025,4735,813187585275109376
484,9885,2075,813172481494134784
485,8226,2407,813157384998756352
486,8953,2556,813142281943252992
487,4734,482,na
488,12573,3397,813127235553071104
489,10953,2987,813112099903782912
490,11176,3906,813096980234797056
491,10479,3007,813081915272073216
492,8447,2105,813066793606516737
493,22214,7963,813051729789014016
494,8062,2077,812781114158743552
495,7030,1547,812709052820099072
496,6441,1325,812503138594865152
497,8463,2096,812466868514619392
498,14515,3985,812372222392303616
499,7700,1527,811985615826714624
500,8001,1739,811744184822595584
501,5926,804,na
502,13561,3388,811627196553035776
503,22179,6936,811386757417680897
504,5652,1557,810984648008466432
505,9607,1945,810896035115433984
506,11643,2876,810657562332954624
507,37563,12384,810284425116315648
508,15575,3639,810254102546489344
509,16439,4247,809920757623115780
510,0,5318,793962202520834048
511,7353,1594,809448667128074240
512,21152,6100,809220046199328768
513,14038,3810,809084648806457345
514,10733,3310,808838232662081536
515,8404,2357,808733489898004481
516,11966,2822,808501555154432000
517,45133,22577,na
518,0,6462,801167887901724672
519,9288,2389,808106447573843970
520,13346,3846,808001293671243776
521,15464,3997,807621395395944448
522,126095,60470,807106774843039744
523,0,7960,782969083092471809
524,13862,4167,807010136866902017
525,79744,37867,806629061598597121
526,0,6009,na
527,5157,2091,na
528,10843,2567,806542203287957504
529,0,12686,783334603142598656
530,6826,1293,806219017505546240
531,0,5855,782722587017285632
532,8784,2078,805932861408694272
533,6999,1993,805826823359631360
534,0,8752,na
535,6102,1791,805520626039619589
536,9316,2753,805487414768701441
537,8288,1855,805207605383602176
538,14571,4182,804738744741928960
539,6523,2188,na
540,0,3511,784826004988653570
541,47391,17668,804026231603785732
542,10679,3010,803773317803048960
543,0,8086,691416861947379712
544,11661,4493,803638023904559104
545,8245,2017,803380639571513345
546,0,5771,na
547,10653,2679,803276589882572800
548,9600,2187,802952490266357760
549,0,3180,777684227185868800
550,7558,1602,na
551,9497,2718,802572675407376385
552,17264,6348,802323849832337408
553,7020,1486,802265039247904768
554,9642,2840,802239319792455680
555,0,289,na
556,8197,1859,801958320831508480
557,1873,255,na
558,8723,2233,801538154108952576
559,6435,906,801285440351240192
560,26056,6462,801167887901724672
561,0,4306,na
562,8596,2273,801115094935449600
563,734,104,na
564,0,1775,na
565,11172,3019,800751482706493448
566,13978,3282,800513314459525120
567,10065,2348,800459302930628608
568,0,4690,776113296390942720
569,11857,3056,800388246178004993
570,0,4298,na
571,16295,2789,800141411257643009
572,30196,14332,800018199223959552
573,0,5089,775085121305206785
574,8939,2354,799757951082721281
575,8555,2082,799422915762470912
576,0,6005,na
577,10534,3013,799297094976577539
578,8589,2681,799063471937769472
579,13976,4869,798933932586782720
580,7918,1553,798925670629916672
581,0,7181,na
582,0,8485,na
583,0,7075,712809014606827520
584,0,5398,701214695424991232
585,0,2522,na
586,0,5135,na
587,0,6034,675501041127936000
588,0,4241,671896801591607296
589,0,2017,670444949847023616
590,0,2141,667509363477577728
591,0,6215,na
592,0,6370,na
593,0,3656,771770449999097856
594,11032,2779,798209828535541760
595,12381,3421,797971806841802752
596,15446,5281,797545138759139328
597,21259,7228,797236631975657472
598,246,29,na
599,0,9678,na
600,8151,2072,796865939568373760
601,12609,3325,796759815062253568
602,0,7950,na
603,8053,1923,796484810906615808
604,11697,4531,796387451484782592
605,0,15590,796149732779421699
606,34386,15590,796149732779421699
607,5261,1948,na
608,9684,2633,796116435260952576
609,9008,2524,796080068686737408
610,11512,4008,796031477968412672
611,52961,25935,795464066940764160
612,10729,3124,795400250953527296
613,17266,5916,795076720525279233
614,0,3671,789530855911882752
615,10930,2510,794926589897310208
616,0,11207,788765906553962498
617,10196,2890,794332306219696132
618,9800,3605,794205269047836673
619,17893,5318,793962202520834048
620,9800,2039,793845129635332096
621,0,3403,791672307924209664
622,8478,1774,793601770836660225
623,11382,2588,793500909619806208
624,26166,10013,793286466235408384
625,9205,2584,793271391365783552
626,21265,9085,793256253871034369
627,11182,3564,793241263780818944
628,10467,3113,793226051610669057
629,9497,3057,793210952363732998
630,16257,6130,793195928287055872
631,7373,2171,793180755497136128
632,10017,3028,793165673107161088
633,6565,1853,793150552360284160
634,6874,2716,793135477268291584
635,13500,4253,793120395666812928
636,15252,4373,792913326326026240
637,12035,4654,792883812854292481
638,7809,1826,792773773367906305
639,14310,4673,792394534248386560
640,7626,1967,792050052348907520
641,0,22872,na
642,0,10472,na
643,0,4148,na
644,48010,24184,na
645,12497,3403,791672307924209664
646,13945,4482,791406944514871298
647,9349,2767,791312150644027393
648,0,4470,763837560732971008
649,10514,2325,790987417641750529
650,17674,5107,790946047744966656
651,0,2517,789986461038837761
652,8715,2079,790698747059548161
653,21989,7822,790581940780924928
654,8313,2026,790337582504763392
655,13356,3462,790277108719386624
656,0,3887,na
657,9825,2517,789986461038837761
658,0,4496,na
659,11045,4491,na
660,7984,1939,789628648391401472
661,7195,2107,789599232806223873
662,12505,3671,789530855911882752
663,9167,2509,na
664,0,5377,na
665,9699,2812,789268438468423680
666,10329,3045,789137928387698688
667,29141,13475,788908364977823744
668,29154,11207,788765906553962498
669,0,7832,na
670,16562,5760,788412135785267200
671,7682,2301,788178260857356288
672,6532,1417,788150566354583552
673,0,3726,761004543874392064
674,6536,1439,788039617207472128
675,9215,3325,787810541230227456
676,10864,3027,787717579116802050
677,11538,3082,787397946748833792
678,8273,1902,787322437922873345
679,0,7314,na
680,28253,8676,786963058530906112
681,0,2611,na
682,19313,6612,786709075132383232
683,11314,2778,786664949540159489
684,9994,3364,786595918321680384
685,11568,3799,786363218646138880
686,8447,3104,na
687,16249,5184,786233954131144704
688,1526,168,na
689,0,7661,779834320894713856
690,12059,3438,785927792949071872
691,7087,1980,785872596088811520
692,8298,2405,785639740259303424
693,9662,2174,785533378355396613
694,6478,1365,na
695,7703,1768,785264731401646082
696,12826,5267,785170917014011904
697,10763,3511,784826004988653570
698,9512,2753,784517508296478720
699,6040,1390,784431410685902849
700,21328,8752,na
701,31691,12081,na
702,31860,11716,783839953138683904
703,7797,2119,783821100060905476
704,11081,3499,783695093576368128
705,8956,2440,783466761438031873
706,17875,5961,783391725767262208
707,0,6061,674291829689331712
708,30969,12686,783334603142598656
709,8622,2405,783085675914461188
710,25568,7960,782969083092471809
711,7912,1509,782747129714532352
712,18324,5855,782722587017285632
713,8253,2028,782598630494449665
714,17656,6042,782305851176525824
715,0,6749,707610936765390848
716,11778,3644,781955193151913988
717,11060,2936,781661833186930688
718,4236,1214,na
719,22000,6009,781524684185694209
720,7540,2757,na
721,8936,2271,781251271890235393
722,10357,2960,781163395106082816
723,22935,7950,780931599936458752
724,7627,2169,780858283800297472
725,5827,1406,780800773873668096
726,12813,3609,780601293052190720
727,6671,1868,780543507299794944
728,0,4013,742423162642649089
729,0,126,780465675571605505
730,5602,1156,780459363064549377
731,9216,2414,780192040856543234
732,0,2491,na
733,12962,5400,na
734,20069,7661,779834320894713856
735,9342,3366,779377444025499652
736,0,19916,na
737,12491,3949,779123157194174464
738,15662,4890,779056089409196032
739,21165,7852,778990686406402048
740,0,10780,na
741,909,397,na
742,7298,1434,778748901197160448
743,6093,1618,778650521737498624
744,4916,1092,778624895001436165
745,14450,4698,778408191155695616
746,0,13236,703041942922383361
747,6188,1199,778383379104407553
748,10987,3563,778286802910212101
749,8954,2839,778039065794977792
750,6926,1752,778027018185240576
751,0,3808,na
752,6735,1776,777885031146586112
753,11871,3180,777684227185868800
754,0,4587,750429289032642560
755,9272,2687,777621500824260608
756,15144,4669,777189753083092992
757,0,14867,679828437910089729
758,5163,1309,776813006122586112
759,9343,3012,776477764421582849
760,0,9866,na
761,31700,17239,776218187788611584
762,10142,2719,776201512041189376
763,12411,4690,776113296390942720
764,1931,164,776088309558874112
765,0,17741,733109473259085826
766,12381,2886,775842712763396096
767,14628,4306,775733297511067649
768,13643,4921,775729177962156032
769,7852,3204,775364811441967105
770,10734,4202,na
771,16419,5089,775085121305206785
772,9032,1907,774757887117852673
773,7101,1859,774639367960850432
774,23013,6005,774314388044058624
775,11336,4174,773985718767149057
776,6755,1867,773922276815335424
777,6974,1745,773704673102557184
778,5612,1395,773670344028786688
779,23332,6651,773547591439122432
780,0,5486,na
781,24542,8041,773308813344645120
782,9942,3467,773247546009456640
783,10540,4427,773191601376137218
784,9054,4168,772874595468795904
785,8445,2518,772826251237199873
786,0,3628,765222089175556096
787,6840,1816,772581537120477184
788,6353,1493,772193097816150016
789,3991,1204,772152984096632836
790,3960,793,772117672238714880
791,2865,507,772114938034814977
792,4222,997,772102964165111808
793,6935,2043,na
794,12658,3656,771770449999097856
795,8722,2822,771500959348449280
796,11086,5486,771380787874828288
797,0,8130,673320125483892736
798,9670,3154,771136641138319360
799,6579,1549,771102115905372160
800,7236,1776,771014280602853380
801,0,234,771002114915069954
802,5214,1305,770787842972942337
803,5473,1517,770772746032873472
804,7726,1874,770655131100741632
805,6628,2223,770414268261011456
806,6575,1600,770293541604093952
807,0,3268,741067297519869955
808,7982,2474,770069132691795970
809,33110,10374,769940407350362112
810,6731,1778,769695460001013760
811,0,8259,na
812,5697,1839,769212274728964096
813,15188,7023,768967618174877700
814,0,2890,na
815,4420,955,768855135757926400
816,4335,1296,768609590535680000
817,5286,1374,768596278481657856
818,0,6261,na
819,14353,3683,768473849214140416
820,11486,3808,768193396825583616
821,5005,1504,767884178016927744
822,16877,5771,767754923563974658
823,7870,2506,767500493799231488
824,12917,4079,767191392800108546
825,10663,3058,767122150545391618
826,0,6058,na
827,5343,1456,766793443951665152
828,2745,416,na
829,4242,847,766693171900387328
830,6335,1708,766423252247994368
831,7141,2023,766313309717037056
832,0,2791,725842282449125380
833,4484,921,766069192135237633
834,3945,529,766008557347233792
835,7615,2303,765719895086596097
836,5469,1308,765669514012917760
837,27849,3645,765395759286149124
838,7456,2320,765371051345846272
839,12225,3628,765222089175556096
840,6768,1901,764857472309948416
841,6363,1624,764259772866658304
842,784,58,na
843,13262,4470,763837560732971008
844,5674,1577,763183833575481344
845,0,3242,na
846,7736,2451,763103480118640640
847,12796,3887,762699853369581568
848,11860,6936,762471745303355393
849,10840,4496,762464530748145664
850,5058,1207,762316483720511488
851,33622,16747,762035577168560129
852,5679,2163,761976704302714881
853,0,4221,685325091882799104
854,4466,920,761745343629422592
855,52116,31136,761672828462718981
856,4341,1261,761599864782348294
857,0,19269,711694754292109313
858,5461,1553,761334013550268417
859,4690,1176,761292941797326848
860,5584,1669,761227386398633985
861,11903,3726,761004543874392064
862,4018,1041,760893927574605825
863,6949,2065,760656987008987136
864,5208,1383,760641126541983744
865,7959,3893,760539157622059009
866,4438,1496,na
867,28199,12303,760289324994879489
868,4141,927,760252748986220544
869,5983,1938,760190172482920448
870,0,33,na
871,6232,2239,na
872,15409,6058,759923789979262976
873,7051,2125,759846345045835776
874,6259,2036,759793413751472128
875,0,22632,739544071010713604
876,4923,1256,759557292580806657
877,8916,2611,759447672080175104
878,1758,521,na
879,6355,2086,759197380596170757
880,0,1242,670319122597543936
881,15256,4468,759099516616339456
882,6829,2168,759047798813712385
883,3727,958,758854659951865861
884,11718,4093,758828647570558976
885,6009,1722,758740300751708160
886,4012,1064,758474885559615488
887,5036,2379,758467147756691456
888,5459,2069,758405694332735488
889,3600,1158,758355003270651905
890,20148,10780,na
891,2840,401,758041011524427776
892,7222,3480,757741862451109889
893,0,8678,679062609438445568
894,4754,1303,757725635913584640
895,4789,1195,757611655744393216
896,0,313,757596935922515969
897,4556,1132,757596060105707520
898,15878,7323,757400155624792065
899,6112,1870,757393098737651713
900,4733,1524,757354752359432192
901,6577,2127,756998020437278720
902,6974,2150,756939201392807936
903,5308,1399,756651745628057600
904,10903,3863,756526239901507585
905,4136,1161,756303244222160896
906,44939,18674,756288526673649665
907,6723,1627,756275824932876290
908,7691,3095,755955658164465664
909,17264,5765,755206499077615616
910,22259,11844,755110610942169088
911,0,8565,679158360810352640
912,7203,2700,754856550720761857
913,2700,555,754747081328328704
914,5556,2086,754481405627957248
915,3923,780,754449482473992192
916,8221,2495,754120358878412800
917,6132,2321,753655892701249536
918,8307,3817,753420390836346880
919,6043,2053,753398183879991296
920,8006,2491,753375662195507200
921,0,6152,na
922,3554,1117,753294480162295809
923,38926,22369,na
924,4084,1044,753026963640573953
925,13236,7314,na
926,7229,1685,752917276685438976
927,0,3091,na
928,6268,1717,752682082904772608
929,4617,1681,752660706479239172
930,5788,2442,na
931,7723,3686,752519679353257984
932,4000,1178,752334354492362752
933,0,17859,675354114423808004
934,6232,1970,752173142286692352
935,3217,993,na
936,5458,1439,751937146756468736
937,6072,2090,751830383478632448
938,6136,3107,na
939,8269,3247,751598350038929408
940,4607,1184,751583840003584000
941,5274,1351,751538705064755201
942,3357,1070,751456786360725504
943,13075,6267,751250895690731520
944,6597,1956,751205334442766336
945,5308,1389,751132866713677825
946,5002,1475,750868771745763329
947,13822,5377,750719617786609664
948,4647,1223,750506196939972608
949,13796,4587,750429289032642560
950,4762,1216,750383404370300928
951,725,30,na
952,3251,1028,750147201331068929
953,3802,1363,750132096795049984
954,4529,1383,750117017039011840
955,3174,899,750101891116392448
956,2274,576,749842022312337408
957,8220,3568,750071693578735616
958,3289,955,749833783789154304
959,3317,658,749828107587248128
960,2832,839,750023357219962880
961,3395,967,749821559804690432
962,3180,862,749823820396163072
963,5343,2611,749850882955702272
964,4870,1400,749774184847446016
965,6378,1770,749417644336513024
966,2745,578,749403085643063300
967,8988,3689,749395837562843136
968,5731,2356,749316899712950272
969,6013,2208,na
970,4998,1614,749064343547944960
971,3245,833,749036286288207872
972,11219,3625,748977397119258624
973,6099,2406,748932629869756416
974,2888,1009,748704826305970176
975,4945,1699,748699139601563648
976,4429,1412,748692763684835328
977,6336,2106,748575526948843521
978,2285,712,748568890477789184
979,5452,1320,748346678575497217
980,8017,4384,na
981,3863,815,748324042759938048
982,3830,756,748307320023703552
983,14767,8292,na
984,6035,2274,747963600220917761
985,6910,2711,747933264640380928
986,3075,1047,747885821378715648
987,2935,795,747844091732430850
988,5051,1234,747816839879757824
989,1442,164,na
990,13474,6211,na
991,2422,584,747600758972026880
992,3851,1116,747594043354419201
993,5776,1686,747512645096476672
994,4030,1092,747461595794673665
995,5659,2046,na
996,0,3054,na
997,5515,1676,747219814297501696
998,3523,975,747204153907253248
999,9987,4235,747103470537347072
1000,3008,313,746906454414790656
1001,6256,2281,746872782257008640
1002,5535,1831,746818901464453120
1003,5082,1689,746790588880674817
1004,9978,4148,na
1005,6293,1901,746726893492264961
1006,5248,1984,na
1007,0,1042,na
1008,4835,1147,746507370331799552
1009,6432,1743,746369457296183296
1010,7193,2341,746131866353270785
1011,3690,862,746056674465751040
1012,4192,1131,745789737584201728
1013,7278,2464,745712555474169857
1014,7386,2693,745433859332898817
1015,8947,2572,745422721861951488
1016,7485,2944,745314852214812672
1017,8154,3740,na
1018,7534,2411,745057274213834752
1019,3096,658,744995559002476547
1020,8203,2858,744971033824788481
1021,5823,1649,744709961729576961
1022,7047,2258,744334584582643713
1023,163095,82936,744234667679821824
1024,1750,392,na
1025,4326,1152,743980013133783040
1026,3786,1014,743895842243887104
1027,0,2205,na
1028,4659,1458,743609136882065409
1029,19186,6963,743595352218079234
1030,3662,988,743545570443280384
1031,8233,3922,743509040018268160
1032,4404,1293,743253145791258624
1033,6447,2015,743222543746752512
1034,4000,1447,743210550650376192
1035,7341,3761,na
1036,4608,2113,742528081945055232
1037,7555,4121,742465765840982016
1038,10228,4013,742423162642649089
1039,7075,2100,742385888848715776
1040,4515,1457,742161185223630852
1041,5340,1646,742150202493153280
1042,4740,1594,741793243084521472
1043,8507,2922,741743615312056320
1044,3817,879,741438250968047616
1045,9122,3412,741303857943306240
1046,10428,5874,na
1047,9828,3268,741067297519869955
1048,6647,2931,740995091762794496
1049,3541,988,740711781497245696
1050,2951,826,740699677411020802
1051,18875,7181,740676969604493312
1052,36237,14069,740373148126859264
1053,2572,456,740365062632812544
1054,3427,903,740359008121298944
1055,6949,2078,740214022880927744
1056,20773,6261,739979181916880896
1057,4208,1137,739932919620358144
1058,3943,902,739844395122450432
1059,3951,1439,na
1060,5584,1750,739606132583456768
1061,41237,22632,739544071010713604
1062,7466,3106,739485614966472704
1063,120495,61420,739238016737267712
1064,112,6,na
1065,3916,1205,738885039132401664
1066,3461,855,738883339164192768
1067,5295,1641,738537488050847744
1068,3375,889,738402403196796928
1069,4479,1275,738184431987351552
1070,9140,3596,738166379505848322
1071,2622,690,738156281941262337
1072,5481,1856,737825997765107712
1073,10381,3656,737800291471392769
1074,5232,1406,737678682714693632
1075,10680,4711,737445868014444545
1076,3748,854,737322732686323712
1077,15261,7845,737310236135043073
1078,4470,1834,736736122429014017
1079,18431,7832,na
1080,4133,1320,736365798558728192
1081,8437,2923,736225169967091712
1082,8192,3142,736010860062248961
1083,3732,1217,735991939804200964
1084,4153,1162,735648574982246401
1085,6415,2477,735635075396599808
1086,13517,5358,735274957656215553
1087,3466,936,735256011242541056
1088,3239,1024,735137021832888320
1089,2843,546,734912253380567040
1090,13033,6653,734787682270871557
1091,2605,573,734776349148094464
1092,1550,418,na
1093,3717,821,733828109590532096
1094,3799,1064,733822298390548480
1095,3263,996,733481999936032768
1096,4359,1345,733460077437296640
1097,51100,17741,733109473259085826
1098,2526,561,732732179730554882
1099,3663,928,732726047838507009
1100,3816,816,732585876857835521
1101,8388,2660,732375209307705344
1102,15484,5753,732005607704649728
1103,3621,1033,731285267307364353
1104,3975,1343,731156013890428928
1105,6358,2087,730924639128584192
1106,5090,2265,730573372497772545
1107,3596,1102,730427195684999168
1108,3969,1112,730211842690162689
1109,5051,2029,730196697196822528
1110,4188,1187,729854727480086528
1111,1770,406,729838572744912896
1112,4141,1306,729823553781108736
1113,6015,2441,729463699031916544
1114,1956,346,729113512279150593
1115,3270,861,728986347021565952
1116,4847,1796,728760633324351488
1117,2875,711,728751174258708481
1118,3425,1089,728653941983072256
1119,5086,2108,728409944555401216
1120,3802,1010,728387158260723712
1121,4461,1240,728046957697052672
1122,4717,1755,728035330755047425
1123,4245,1158,728015541730869248
1124,3042,667,727685666293751812
1125,6111,1837,727644511996776449
1126,4633,1284,727524751036526594
1127,3457,788,727314408490168320
1128,3150,859,727286322952441857
1129,4025,1452,727175367849549825
1130,3780,1399,na
1131,7137,2581,726935081290452993
1132,3971,1587,726887073358159872
1133,3679,1051,726828212261629952
1134,4570,1206,726224894078406657
1135,7299,2791,725842282449125380
1136,4310,1431,725786708017553410
1137,5374,1878,725729306392027137
1138,1459,654,na
1139,3844,1370,724983740980690944
1140,2458,675,724771676257284096
1141,5483,1729,724405714131795968
1142,4473,1861,724049844495605761
1143,2752,591,724046330591645696
1144,4336,1653,724004596214038529
1145,4035,1292,723912928282300416
1146,7965,3132,723688327916998657
1147,3131,939,723673152451149824
1148,5473,1974,723179713569521664
1149,4249,1649,722974578855804928
1150,5138,1723,722613344872505345
1151,4817,1974,721503152168681472
1152,2618,647,721001172476137472
1153,3225,806,720785400575455232
1154,2569,712,720775341267148802
1155,4284,1579,720415104408399872
1156,6620,2644,720389936612913153
1157,2968,1029,720340697887457281
1158,4025,1180,720059469649022976
1159,5081,2109,720043168729862144
1160,4998,1833,719991136241082368
1161,4712,1522,719704480703361024
1162,5232,2029,719551372954365953
1163,2887,780,719367753803698176
1164,4560,1314,719339452099911682
1165,3539,1003,719332505971724289
1166,3610,1152,718971861124521984
1167,5416,1853,718939234342674432
1168,19539,8485,718631494844080128
1169,2518,506,718613299022180352
1170,2562,1067,718540625512165377
1171,2792,552,718459997370335232
1172,5034,1587,718454723171459074
1173,1997,525,718246851380711426
1174,4009,1058,718234610254143489
1175,2537,622,717841792524222464
1176,2986,1186,717790026537517056
1177,5950,1935,717537679412486144
1178,1663,474,na
1179,3258,883,717421791472431106
1180,6487,2012,717047453128790017
1181,3386,1024,717009356240384000
1182,4438,1242,716802957069697028
1183,6206,1510,716791134920552448
1184,1276,451,na
1185,13552,6207,na
1186,2447,222,716439112555823104
1187,2880,1139,716285498407456768
1188,6969,2017,716080861125292034
1189,3297,919,715928416713895936
1190,3858,1501,na
1191,4836,1772,715733232809955329
1192,2894,596,na
1193,4040,1353,715696738036744192
1194,4480,1704,715680780459098112
1195,5663,1654,715360342210166784
1196,3138,719,715342457676890113
1197,2505,687,715220173247131650
1198,5303,1984,715200615434031105
1199,4312,1298,715009744965120000
1200,3889,1083,714982297112612864
1201,7621,4494,na
1202,4277,1491,714957616947052546
1203,3385,1056,714631568564813824
1204,3759,971,714606006421028867
1205,2809,1221,na
1206,3135,754,714258253283213313
1207,3383,880,714251577813504000
1208,2353,922,714214106660741120
1209,4467,1478,714141403652231168
1210,3395,815,713919455693287424
1211,1983,569,na
1212,2944,776,713900595745275905
1213,5058,1448,713761188442677248
1214,4577,1361,713411058820460546
1215,7469,2971,713177538751774721
1216,4618,1532,713175901853319168
1217,19238,7075,712809014606827520
1218,12802,5261,712717831029202944
1219,4309,1279,712668618841042948
1220,5520,1646,712438152884043776
1221,251,25,na
1222,3930,1092,712097427059306497
1223,3049,941,712092738334941184
1224,3370,509,712085607170883584
1225,2348,661,712064997715791875
1226,0,131,711998175234510848
1227,8359,2440,711968119305211904
1228,2947,1035,711743773672394752
1229,9214,4344,711732672607821824
1230,34061,19269,711694754292109313
1231,4011,967,711652646256517120
1232,3797,1191,711363817834295296
1233,3436,769,711306672371847168
1234,3102,646,711008011691683840
1235,4723,1460,710997081670823936
1236,2643,726,710844577050206208
1237,2792,564,710833110598848513
1238,2393,593,710658682619617280
1239,4971,2484,na
1240,4712,1972,710588915867099136
1241,2454,777,na
1242,2219,542,710283263395246080
1243,4707,1319,710272293939879938
1244,2489,1185,710269104096153601
1245,3015,940,710153175412543488
1246,2868,934,710140968360665088
1247,5705,2101,710117006981341184
1248,3099,1120,709918790847492096
1249,698,105,709901249051754496
1250,3644,1259,709852841964396544
1251,3674,1267,709566161864826882
1252,3415,1117,709556945439617027
1253,1543,248,709519225661091845
1254,2318,609,709449595638706176
1255,2714,725,709409441024581632
1256,2498,601,709225114588549120
1257,13068,6161,709207338792525824
1258,2513,673,709198376978522112
1259,2085,704,na
1260,2116,440,709158324613324805
1261,4937,1724,709042081084391424
1262,1858,691,na
1263,3095,945,708845814165192704
1264,1754,531,708834245947559936
1265,17110,7316,708810903379005440
1266,2848,863,708738135744757760
1267,2646,758,708711077455011842
1268,2642,707,708479597491388418
1269,3204,863,708469903859306500
1270,16613,10671,na
1271,3740,1402,708356456928649216
1272,2435,775,708349462943498240
1273,4438,1615,708149338376171520
1274,3518,880,708130917802450944
1275,2779,1028,708119483462905857
1276,2002,569,708109384879046656
1277,4529,2017,708026062568087553
1278,3255,1182,707995806666768384
1279,51,2,na
1280,2808,1020,707969786605670405
1281,3410,997,707776912765132800
1282,2594,645,707741510117101568
1283,4254,2612,na
1284,3568,1055,707693564902428672
1285,2672,928,na
1286,17605,6749,707610936765390848
1287,2365,729,707420564403658752
1288,2372,624,707411927010582529
1289,3638,1364,707387669630881792
1290,3406,1137,707377090396626948
1291,2571,675,707315908499415040
1292,2875,832,707297296074072065
1293,2680,712,707059520279810048
1294,2274,834,707038182748119040
1295,4231,1440,707020843742838786
1296,2393,625,707014226158751746
1297,15149,8259,na
1298,2144,629,706901753699155968
1299,3455,1019,706681899490680832
1300,2676,1155,706644797256241152
1301,2235,661,706593029277294592
1302,3591,1487,706537990542254082
1303,3216,1090,706516523993731073
1304,3580,969,706346354252095488
1305,22187,8418,706310002273869824
1306,1766,492,706290925690097664
1307,2834,970,706265991110590465
1308,4050,2344,na
1309,5340,1693,706166462331920384
1310,1542,402,na
1311,3225,773,705975037652836353
1312,3258,936,705970342242729984
1313,2469,585,705898672375132160
1314,2021,552,705786528321044482
1315,3297,1216,705591886233235456
1316,3064,969,705475939698868224
1317,4621,1730,705442513113522177
1318,3963,1776,705428418666635264
1319,3110,785,705239205698531328
1320,2672,849,705223427129409536
1321,2237,538,705102425103839232
1322,2255,636,705066010735464451
1323,4431,1172,704871447097905152
1324,2339,574,704859541930962945
1325,5298,1619,704847907636305920
1326,2740,1046,704819829430218752
1327,6886,3054,704761116849774592
1328,3043,1054,704499780106493952
1329,794,84,na
1330,3527,1115,704480327234953220
1331,8331,3745,704364642517262336
1332,1653,365,704347313985228800
1333,1565,493,na
1334,1924,594,704113287844098048
1335,3032,957,704054834471833603
1336,1909,489,703774235978817536
1337,3415,1200,703769060060884992
1338,2699,723,703631691173269505
1339,4010,1594,703611476301516800
1340,3943,1452,703424980705538048
1341,2544,733,703407224702414850
1342,3645,1192,703382800452493312
1343,1988,405,703356390035714048
1344,2042,572,703268508835176448
1345,7698,3273,703079038101929984
1346,27393,13236,703041942922383361
1347,2697,761,702932120042397696
1348,1675,478,na
1349,3348,1140,702684938378874880
1350,2287,592,702671112556158976
1351,12665,3617,702598091703250944
1352,2986,1010,702539494201782274
1353,3316,1645,na
1354,3409,1088,702321133908054017
1355,2570,806,702276744527618049
1356,4989,1408,702217432463708160
1357,3587,1049,701981383707725824
1358,3973,1078,701952810871435266
1359,3685,1453,701889181371465729
1360,3564,1784,na
1361,2170,481,701601582807445506
1362,2924,984,701570466310397952
1363,2765,645,701545177110937600
1364,12685,5398,701214695424991232
1365,2299,606,700890380988981249
1366,2689,647,700864147752402944
1367,2521,528,700847557816295424
1368,2533,1009,700796971284635648
1369,23765,9867,700747775256821764
1370,2742,848,700518050383028224
1371,2378,600,700505126490886144
1372,4303,1900,700462006156054530
1373,2746,784,700167508985298945
1374,2322,701,700151417617694720
1375,7834,2890,700143743228207110
1376,2754,731,700062708859666432
1377,2154,615,700029279581708288
1378,3443,1417,700002054861889536
1379,3189,1011,699801805379735552
1380,2323,525,699788867692531712
1381,2879,1314,699779623626870785
1382,2033,639,699775876779663360
1383,10660,4855,699691737665642497
1384,6181,2755,699446858545020928
1385,2249,536,699434513307471874
1386,1428,349,699423667558731776
1387,2152,649,699413904074665988
1388,1958,460,699370841985851393
1389,3289,912,699323436762603521
1390,2335,666,699088574608707585
1391,2550,691,699079599976771585
1392,3130,1255,699072391083880449
1393,3927,1905,na
1394,2708,1262,699036651171897344
1395,3508,1038,698989023348576256
1396,2810,956,698953792398692352
1397,2641,658,698907962606292992
1398,2574,720,698710700634591234
1399,1510,401,698703472636641280
1400,1341,358,698635005506015234
1401,2419,652,698549703420612608
1402,1948,478,698355656588447745
1403,2350,999,698341973569245184
1404,4938,2125,698262609242492930
1405,17437,6290,698195403653705729
1406,2918,786,698178914674458625
1407,1590,353,697995509609402369
1408,3418,1369,697990414305984512
1409,2494,724,697943103282393088
1410,3141,1259,697881447554613248
1411,1821,568,na
1412,3283,1069,697616761932283904
1413,3157,1329,697596416638787586
1414,2122,526,697575475464417280
1415,2157,1193,na
1416,2515,710,697482920076951552
1417,3542,1459,697463021304750083
1418,4860,1965,697270435977818113
1419,3420,1050,697259367968739328
1420,3143,1222,697255089266933760
1421,2614,704,697242246874296320
1422,3313,1078,696900198681989122
1423,2429,709,696894886692331521
1424,5039,1900,696886248611381248
1425,2534,746,696877972649807873
1426,1539,377,696754874445230081
1427,2150,989,na
1428,2465,679,696713823303135232
1429,4052,1794,na
1430,1270,152,na
1431,2643,1085,696488707105386500
1432,3345,1204,696405977432748032
1433,2017,701,na
1434,3133,1231,695816820624912384
1435,3310,821,695794756677410817
1436,1946,790,695767665437233153
1437,4749,2219,695629772496465921
1438,4552,1912,695446411954012160
1439,8999,3773,695409457417707521
1440,3782,1548,695314741183516673
1441,2747,650,695095415818096640
1442,2961,1170,695074323816669184
1443,1672,635,695064251149508610
1444,2768,832,695051050697539585
1445,2804,964,na
1446,2860,982,694905854068285440
1447,37197,15265,694669716326072320
1448,1568,302,694356670072373248
1449,2129,656,694352832733040641
1450,1637,509,na
1451,2088,526,694329663192195076
1452,4351,2142,694206563263848448
1453,3068,982,694183359854018562
1454,3535,1087,694001777612435457
1455,1947,427,na
1456,1802,387,693942347109928960
1457,2809,625,693647886148567040
1458,1397,132,na
1459,2638,436,693642227030085632
1460,2554,839,693629966060228610
1461,1609,389,693622654595571712
1462,5268,2088,693590840128770048
1463,1712,270,na
1464,1853,668,693486485266247680
1465,3503,1306,693280713496469504
1466,2483,860,na
1467,2324,527,693262842930159616
1468,2988,773,693231800538148864
1469,8195,3388,693155678760931330
1470,1787,648,693108992730632192
1471,1950,487,693095429051932672
1472,2769,789,692919138839326722
1473,2540,924,692905856917180416
1474,1857,637,692901591318294528
1475,2369,854,692894221984903170
1476,3004,927,692828155242004480
1477,7104,3835,692752274041507842
1478,4531,1622,692568911158489088
1479,3322,1437,692535299021340674
1480,1920,441,692530544530296832
1481,1538,242,na
1482,9714,3675,692417305561686016
1483,2630,863,692186996341628929
1484,2236,836,692158336909852672
1485,1713,415,692142771344400384
1486,3541,1348,na
1487,2986,1006,692017283690995713
1488,4109,1755,691820329321287680
1489,8441,4442,na
1490,3012,1074,691756951399591936
1491,2024,531,691675641209589761
1492,2475,595,691483034810474496
1493,4223,1216,691459697358934016
1494,2757,890,691444863414439936
1495,20112,8086,691416861947379712
1496,2674,695,691321897217191936
1497,3076,933,691096572814176256
1498,1784,355,691090043692322820
1499,6135,3027,na
1500,3737,1325,690959636103577600
1501,4292,2102,690938889876410368
1502,3415,1081,690932565696483328
1503,3939,1346,690735878365315073
1504,2263,545,690728920233218049
1505,2420,845,690690667417354240
1506,1363,293,690649985252220930
1507,305,17,na
1508,2045,637,690597153803149313
1509,1953,477,690400359613865984
1510,3399,907,690374413078958080
1511,2753,944,690360446273110016
1512,1572,544,na
1513,1748,434,690248557182488576
1514,2901,1095,690021988220456960
1515,2615,782,690015570461376513
1516,3821,1784,690005054112284675
1517,1486,395,689999372554207232
1518,1522,480,na
1519,1427,471,689977549053673473
1520,2527,732,689905475991646208
1521,3151,1245,689877678846001154
1522,2253,796,689835959928635392
1523,3334,984,689661959805906944
1524,10778,4093,689659367294136321
1525,2319,678,689623654657826819
1526,12094,5852,689599051189391361
1527,2129,485,689557528733163520
1528,3536,1513,689517477928292354
1529,2350,995,689289176076959744
1530,3420,1165,689283815399927809
1531,2073,754,689280867391254530
1532,1205,260,689275256180183040
1533,2665,1145,na
1534,3189,1058,689154306549792769
1535,2104,541,689143357063475200
1536,2848,921,688916187321864196
1537,2202,821,688908927027810304
1538,2190,837,688898152519323649
1539,2332,735,688894059750883329
1540,1434,393,688828550535901190
1541,1005,205,688804831675461632
1542,2311,699,688789753932722176
1543,2721,741,688547202457858048
1544,2408,777,688519168061091840
1545,9658,4708,688385255020036098
1546,2321,878,688211379870806016
1547,2204,619,688179431681036292
1548,2946,825,688116647345848321
1549,1804,381,688064156361072640
1550,5697,2675,na
1551,2842,1191,687826834726195200
1552,2604,1007,687818498882551808
1553,2498,743,687807796000243712
1554,1839,698,na
1555,2543,884,687704170560749568
1556,2015,538,687664822905778177
1557,1987,607,687494643500515329
1558,1661,255,687480736518111232
1559,2059,563,687476249128734720
1560,2130,573,687460500490338305
1561,1967,663,na
1562,20914,9678,687317297157935104
1563,4539,2012,687312369295486976
1564,5681,2422,687127922726039555
1565,2258,532,687124481781927936
1566,6056,2609,687109919556956160
1567,2432,1044,687102703005265921
1568,2343,639,687096050230820864
1569,8972,3365,686947095916363777
1570,3665,1459,na
1571,3616,1544,686749394683691008
1572,4324,1270,686730987418550272
1573,2926,850,686683039674531840
1574,3838,1443,686618344242442241
1575,1974,576,686606059734216705
1576,1811,717,na
1577,3391,929,686386513144377345
1578,2308,595,686377054594441218
1579,2289,717,686358343338844161
1580,4160,1762,na
1581,2293,769,686050200440451072
1582,1204,129,na
1583,3241,1233,686034020262625280
1584,2587,448,686007910048989185
1585,1898,675,686003200739115008
1586,2200,555,685973228901261312
1587,1691,635,685943751555051520
1588,7830,3087,685906717385854977
1589,2120,134,na
1590,2442,604,685667374155075584
1591,3388,1549,685663358637486080
1592,3056,828,685641966403645440
1593,34326,16624,685547930707750912
1594,3164,1223,685532287132430340
1595,9872,4221,685325091882799104
1596,2757,680,685321578897354753
1597,3487,1146,685315229488680960
1598,2154,465,685307443652472833
1599,3222,1274,685268746391273473
1600,2430,704,685198908713267200
1601,4261,1507,685169266828685312
1602,2459,399,na
1603,7087,3319,684959791626727424
1604,3347,1104,684940035184001024
1605,3642,493,684926877937487872
1606,3658,1554,684914653630173184
1607,1957,562,684902175449939968
1608,2186,870,684880611673292800
1609,36446,22872,na
1610,2830,1058,684800218777321474
1611,9293,3742,684594884913836032
1612,4280,1491,na
1613,3135,1301,684567534276853761
1614,2751,1009,684538367950872576
1615,4042,1238,684481069622673408
1616,2067,589,684460065332445184
1617,8489,3513,684241624206045185
1618,1286,226,684225739852492800
1619,3984,1460,684222770729893889
1620,2252,1089,684200328540098561
1621,1996,550,684195074750599168
1622,3623,1246,684188780455170048
1623,2105,712,684177692749639681
1624,3099,1582,na
1625,2076,500,684122864098885634
1626,4276,1524,684097750632411136
1627,3961,1184,683857914461839360
1628,2009,371,683852572600459264
1629,2728,1038,683849926879494144
1630,2727,1175,683834825250320385
1631,2917,1121,683828594020200448
1632,3484,1437,683773435294515200
1633,6765,3519,683742666396426240
1634,7658,3091,na
1635,3300,1022,683498316290637824
1636,2747,1055,683481223382052864
1637,2524,711,683462766443802624
1638,4062,1707,683449687257559040
1639,7928,2522,683391846228357120
1640,3051,995,683357941668392967
1641,3003,1104,683142548005777412
1642,3530,964,683111392338034688
1643,2256,701,683098811808518144
1644,2064,597,683078878106005505
1645,2236,772,683030059720916992
1646,38466,17683,682962022129135616
1647,1849,191,na
1648,2571,1185,682788433895489537
1649,1586,463,682750531614445569
1650,1370,380,682697175697088514
1651,3170,1147,682662408112975876
1652,2140,641,682638783267889155
1653,3576,1238,682429474584018946
1654,7896,1868,682406696551985154
1655,2330,726,682393897700474880
1656,1733,495,682388986111913984
1657,3198,1062,682303730440601600
1658,4338,1284,682259518139555840
1659,3395,1251,682242687110672384
1660,19003,10472,na
1661,5154,1789,682059648447438848
1662,3336,1022,682047323002810373
1663,6851,2132,682031998756470785
1664,3282,1627,682003173041549313
1665,2908,1093,681981160138895360
1666,2566,873,681891446547427328
1667,13296,4298,681694081152516096
1668,1838,476,681679500770414592
1669,2736,984,681654055031189505
1670,1987,504,681610777703387137
1671,3691,1377,681579814340456449
1672,14901,6152,681523166406164481
1673,1706,295,na
1674,9673,4306,681339442087497728
1675,2760,797,681320179880443904
1676,4103,1937,681302357297229824
1677,3336,1017,681297367627395075
1678,3345,1169,681281653780656128
1679,1517,290,681261544890576896
1680,1559,571,681242414783201280
1681,2497,513,681231097963921409
1682,3860,1572,681193441674551296
1683,2524,709,680970791404605441
1684,4738,2119,680959103779368960
1685,3351,1120,680940240811474944
1686,2161,466,680934975001227264
1687,2493,656,680913431944245248
1688,1837,385,680889641415872512
1689,3600,1407,680836369753739264
1690,2246,701,na
1691,2461,873,680801737658265600
1692,2971,1105,680798406277599232
1693,2740,754,680609277350821889
1694,3769,1427,680583886422831105
1695,4397,2017,680497759183597569
1696,1787,510,680494717491085312
1697,2650,790,680473002811744256
1698,1513,535,680440290977693696
1699,1517,306,680221462859542528
1700,2952,1250,680206691359715328
1701,2231,533,680191245453537280
1702,4055,1660,680176161213779968
1703,2410,779,680161093025697792
1704,3756,1849,680145966133981184
1705,2368,1006,680130874835337216
1706,2811,959,680115813882408961
1707,3705,1445,679944180743954432
1708,13272,9472,680081458753605632
1709,2680,929,679935050679468032
1710,2051,684,679877054611894272
1711,2262,700,na
1712,2550,656,679862116216651776
1713,2972,1304,679854718617817088
1714,2460,806,679844486353059841
1715,37621,14867,679828437910089729
1716,3201,1178,679777881363329024
1717,2169,839,679736205899100160
1718,2249,868,679729589501865985
1719,1720,496,679722011451604992
1720,4947,2198,679530275207016450
1721,2747,763,679527796289474560
1722,3502,1343,679511347441328128
1723,3256,1557,679503367408889856
1724,2168,673,679475944860459008
1725,32911,19916,679462815506296832
1726,2463,1270,na
1727,22223,8565,679158360810352640
1728,2873,1090,679148757628399616
1729,3077,1225,679132430461239296
1730,6174,2703,679111114081370114
1731,17667,8678,679062609438445568
1732,2331,715,679047479124455425
1733,2927,1305,na
1734,2408,1244,678991763986624512
1735,1701,487,678969221598973953
1736,2667,953,678800275839311872
1737,3597,1253,678798260958441472
1738,2895,968,678774916997582848
1739,3667,1442,678767129399726082
1740,1694,503,678764509826281472
1741,7395,3491,678755229639151616
1742,3893,1792,678740029439614976
1743,5764,2554,na
1744,2976,1561,678675831426797568
1745,2119,446,678643449407541248
1746,4134,1652,678446146176593921
1747,5593,2678,678424305764589568
1748,4378,1923,678410205395308544
1749,81817,33476,678399528077250560
1750,1644,443,678396790178258944
1751,1932,441,678389021215707136
1752,2523,960,678380231556595712
1753,1789,566,678341071122784256
1754,1344,273,678334491241377793
1755,11842,6401,678278583370911744
1756,1637,394,678255458960859137
1757,1992,405,na
1758,14186,6723,678021110609412096
1759,3532,1775,na
1760,1398,432,677918521637097472
1761,4985,2221,677895096763854848
1762,3157,1016,677716509234487297
1763,3503,1524,677700000441360384
1764,1266,336,677698398770888704
1765,2556,892,677687590175252480
1766,3448,1575,677673978874433536
1767,2011,1025,677662334756761600
1768,1921,837,677644010865999872
1769,2208,762,677573736200052737
1770,1334,481,677565708809695232
1771,2511,1222,677557553648242688
1772,7148,3828,677547920938373125
1773,1109,238,677530062560841728
1774,3133,1877,na
1775,1395,307,677334608892030978
1776,1129,246,677331497041461248
1777,3742,1574,677328876637302784
1778,1691,560,677314798338621440
1779,1280,430,677301027595530240
1780,2057,742,677269275850219520
1781,3645,1719,677228864888823810
1782,2810,970,677187290628780032
1783,2865,1125,676975524699336704
1784,2276,847,676957802976419840
1785,1346,419,676949624503013376
1786,2237,913,676948231155277824
1787,1760,394,676946858959327232
1788,2132,795,676942415815712771
1789,13069,5135,676936535535656961
1790,3051,1881,na
1791,2319,756,676897528592392192
1792,2157,741,676864493910028289
1793,23708,16335,676821953035005952
1794,1857,696,676819644326506496
1795,1452,443,676811739476967424
1796,5143,2100,676776408941662209
1797,2977,1029,676617499136409600
1798,1116,205,676613902327762944
1799,1933,458,676606781406212100
1800,1195,402,676603389325672448
1801,4697,2258,na
1802,937,132,na
1803,2389,833,676588338652930048
1804,1237,291,676582950259965952
1805,2661,1169,676575493756334080
1806,1928,583,676533777246515201
1807,1555,558,676496369692078080
1808,11899,4876,676470631479812096
1809,1763,693,676439996623097856
1810,1430,361,676430925232627713
1811,2131,576,676263568602324992
1812,1258,306,676237351492960256
1813,77434,32426,676219682148499456
1814,1783,608,676215924094029825
1815,2336,1077,676191822486577152
1816,1969,691,676146336014667776
1817,2208,1207,na
1818,2889,1211,676101885682655232
1819,3079,1499,676098701056577536
1820,1348,451,676089477950021632
1821,1666,596,675898073508421632
1822,2177,903,675891545124421633
1823,2429,1002,675888381008683009
1824,4268,1455,675878195854483457
1825,1676,598,675870715636224001
1826,2745,1352,675853058589396992
1827,960,154,na
1828,2330,924,675845652761468928
1829,1559,557,675822760556412928
1830,1073,240,675820925212823552
1831,10478,3521,675798434532581376
1832,1660,493,675781559312506880
1833,1196,360,675740268751138818
1834,1932,856,675710882740092928
1835,2022,726,675707321759039488
1836,657,102,675706586661195778
1837,1858,434,675534486789103617
1838,1208,401,675531466269286400
1839,1064,296,675522395390795777
1840,1326,475,675517812106919936
1841,17481,6034,675501041127936000
1842,3199,1350,675497072129249285
1843,1332,622,675489960972165120
1844,1878,1011,675483424052801536
1845,1557,592,675432740347617280
1846,1728,529,675372232026292224
1847,1067,236,675362604022386688
1848,33452,17859,675354114423808004
1849,3986,2338,675349367813877760
1850,2832,1344,675334050127544320
1851,3682,1670,675166815044173826
1852,6408,2705,675153368143237120
1853,3810,1737,675149402210701313
1854,961,249,675147100796121089
1855,1212,325,675146530370822144
1856,2172,937,675145464153550848
1857,1321,510,675135144945131520
1858,1985,810,675113795468066816
1859,984,261,675111682683875329
1860,2846,1180,675109283521036288
1861,1080,340,675047295654756356
1862,2762,1243,675015108200919041
1863,1004,235,675006303748665346
1864,1583,489,675003114139852800
1865,2287,1138,674999800484368385
1866,875,368,674805331965399040
1867,3063,888,674800515520331776
1868,2547,1125,674793390643482624
1869,1127,258,674790484284436480
1870,828,217,674788547291914240
1871,2033,1248,674781757573591040
1872,1140,492,674774472939970560
1873,1858,817,674767886842511361
1874,795,247,674764810110820352
1875,1382,465,674754014320402432
1876,1482,482,674752226452094976
1877,1429,573,674743003064438784
1878,496,53,na
1879,1129,406,674739948218671104
1880,661,96,674737125598752768
1881,1166,482,674690120767918080
1882,1635,675,674670575701348352
1883,939,263,674664748949090304
1884,1457,513,674646386542043136
1885,1043,277,674644247564394496
1886,1711,599,674638611350859777
1887,1524,598,674632705875705856
1888,952,102,na
1889,6331,2120,674468873001938944
1890,1085,367,674447395825049600
1891,1130,406,674436896903315456
1892,1455,554,674422297940357120
1893,691,145,674416741997535237
1894,1218,481,674410613875937281
1895,1519,591,674394776565891077
1896,855,322,674372059363983360
1897,571,76,na
1898,1436,529,674318003345997825
1899,11492,7174,na
1900,14953,6061,674291829689331712
1901,1590,751,674271425029652480
1902,914,232,674269159417585664
1903,1666,876,674265568518778880
1904,1324,468,674262576474234881
1905,1487,572,674255163272642560
1906,762,176,674082847171457024
1907,994,298,674075280806420480
1908,6456,2270,674063277207457792
1909,3367,1336,674053181157064704
1910,1463,497,674051551040770048
1911,1436,655,674045131608236033
1912,732,132,674042547585605633
1913,1116,424,674038229604044801
1914,855,218,674036081864609793
1915,1801,1264,674024888533966848
1916,1150,309,674019340715446272
1917,1583,665,674014376857174021
1918,1213,365,674008948689657856
1919,1969,991,673956906873036801
1920,1183,378,673919430984908800
1921,3228,1661,673906390507868160
1922,942,257,673887841718394880
1923,3124,775,na
1924,3583,2144,673715845458173952
1925,1048,304,673711450012180480
1926,858,283,673709986195890176
1927,1092,297,673708601312178176
1928,1106,403,673707042180341760
1929,1270,411,673705663651016704
1930,1452,589,673700228504137728
1931,3846,2007,673697971540762624
1932,1751,666,673689698171228160
1933,1273,505,673688739344949248
1934,1452,450,673686768529645568
1935,1385,479,673680162584698880
1936,1269,368,673662511204319236
1937,722,248,673656255106441220
1938,1118,368,673636700506181632
1939,1607,741,673612849076310016
1940,1205,373,673583110961934336
1941,843,274,673580917777178625
1942,1398,573,673576829651841024
1943,1036,311,673363609787985921
1944,1467,687,673359812403531776
1945,1503,593,673355872538599424
1946,1671,549,673352119580237824
1947,752,218,673350191790034944
1948,2544,1311,673345633844072448
1949,980,278,673343210815545344
1950,1288,600,673342302996340736
1951,13622,8130,673320125483892736
1952,882,266,673317979384254464
1953,7590,3242,673295238912417794
1954,1072,375,673270959684591616
1955,1434,750,673240782124548096
1956,2274,864,673213032630128640
1957,1706,645,673148794221932544
1958,1985,735,672997838817796096
1959,966,307,672995232229781504
1960,993,299,672988581774942208
1961,1265,555,672984067529310208
1962,1839,1027,672980779580829696
1963,1697,933,672975080402628609
1964,957,365,672970146609164289
1965,1328,557,672968020474638337
1966,1431,653,672964555207757826
1967,1378,516,672902676334706688
1968,911,431,672898203147247616
1969,1562,849,672884420823527424
1970,1044,377,672877613036273665
1971,1324,581,672834296361582592
1972,1266,504,672828474801942529
1973,981,328,672640493281411072
1974,1311,505,672622321664811010
1975,1230,598,672614739944595456
1976,1124,398,672609147054067713
1977,1119,405,672604021119655936
1978,1340,620,672594973443928066
1979,957,342,672591753367715843
1980,732,187,672591264425070592
1981,1036,373,672538101307318273
1982,648,174,672523487219728384
1983,1123,447,672488519928037376
1984,1146,615,672482714948395009
1985,722,128,672481314411569153
1986,1444,715,672475077217288193
1987,1366,551,672466070121390080
1988,6505,3462,672272396733300737
1989,1516,628,672267563901014016
1990,1151,344,672264243945844736
1991,2834,1587,672256514942439426
1992,1438,755,672254170599157760
1993,1732,623,672248008571006977
1994,690,162,672245248555409408
1995,902,329,672239273467359232
1996,1851,1039,672231040996515840
1997,788,215,672222787172442114
1998,2276,1177,672205386439524352
1999,1030,375,672169665750155265
2000,881,365,672160035556823040
2001,1761,727,672139344921149441
2002,2427,1162,672125270745333761
2003,1009,374,672095178996523008
2004,946,374,672082162695471104
2005,1298,525,672068080575483905
2006,8539,4241,671896801591607296
2007,1344,585,671891721769385984
2008,3498,1404,671882074857558016
2009,1432,694,671879130959486977
2010,1254,569,671874870762934272
2011,1128,508,671866334851014656
2012,912,455,671855970818121728
2013,7115,3553,671789647081644032
2014,1200,536,671768277677441024
2015,1697,946,671763342642569216
2016,1360,786,671744965807087616
2017,746,236,671743143755259904
2018,1463,771,671735585762054145
2019,8559,4429,671729900588417024
2020,12906,7361,671561000215298048
2021,923,211,na
2022,1362,606,671547764132704256
2023,1993,1068,671544869609857024
2024,1099,574,671542980751310848
2025,934,403,671538298070937601
2026,1185,418,671536536102551553
2027,1030,590,671533937597022209
2028,848,265,671528756297736192
2029,1412,535,671520730169872384
2030,959,296,671518582749028352
2031,1616,739,671511342621319168
2032,7072,3608,671504601988898816
2033,924,453,671497582414307329
2034,1017,479,671488510226997248
2035,581,209,671486378568364032
2036,763,235,671485051893383168
2037,1431,746,671390174987751424
2038,1119,299,671362591072124929
2039,401,150,671357838413996033
2040,485,116,671355851936940033
2041,964,437,671347593046306816
2042,738,217,671186159360315393
2043,1130,351,671182540435300353
2044,883,358,671166423830388736
2045,1672,1129,671163258263482369
2046,377,84,671159722603626496
2047,720,225,671154565501296640
2048,673,158,671151316803170304
2049,677,230,671147082493919232
2050,1169,667,671141542443241472
2051,930,412,671138692078174208
2052,755,199,671134054696296448
2053,3511,2564,671122197432418304
2054,1374,791,671115703798267904
2055,1154,449,671109008019742721
2056,1110,298,670995956771483648
2057,24783,8885,670842759008411648
2058,597,198,670840540850749440
2059,1122,709,670838194066300928
2060,452,128,670833807587680256
2061,740,224,670832450482769920
2062,5590,4136,670826275943133184
2063,784,197,670823755950768128
2064,619,99,670822703281086466
2065,3202,1564,670815487044018177
2066,1140,275,670811956362612740
2067,1167,500,670807623365763074
2068,1982,977,670804590565150720
2069,347,88,670803557449408512
2070,739,242,670797295626027008
2071,836,285,670792674568482817
2072,667,245,670789388759113729
2073,608,205,670786183778160640
2074,827,403,670783426409201664
2075,1578,785,670782421437169664
2076,791,294,670780550844694528
2077,330,74,670778054197706752
2078,1083,430,670764092043436032
2079,445,113,670755701111697408
2080,974,522,670733403982053376
2081,832,366,670727697677606912
2082,1219,504,670717326967205888
2083,775,378,670704684945031168
2084,595,248,670691622141583360
2085,753,289,670679606182055936
2086,251,44,670676086536171520
2087,10782,5129,670668378638561280
2088,1535,775,670474230501363712
2089,355,86,670468602584256512
2090,979,563,670465782590083072
2091,554,209,670452848174436352
2092,1201,676,670449329098895360
2093,6777,2017,670444949847023616
2094,647,202,670442333423452160
2095,1061,526,670435812165701632
2096,1410,658,670434123207598082
2097,330,114,670433242026217473
2098,1392,638,670428264129761281
2099,521,167,670426997538078720
2100,1312,643,670421917862649857
2101,629,321,670420563815436288
2102,573,322,670417404275609601
2103,2032,916,670411364918288384
2104,559,229,670408991625773056
2105,436,161,670403873723555840
2106,563,214,670385704808108032
2107,748,275,670374366199349253
2108,330,69,670361863419506690
2109,423,113,670338915237167104
2110,3887,1242,670319122597543936
2111,431,139,670303349632204800
2112,710,292,670290335751237632
2113,1030,339,670093932257259521
2114,704,258,670086495571738624
2115,2232,1260,670079676572950530
2116,1586,806,670073493971738624
2117,631,245,670069080024588288
2118,770,347,670061499868684291
2119,674,337,670055031027159040
2120,648,180,670046943482159109
2121,761,114,670040288568610816
2122,592,281,670037180094488576
2123,334,95,670003125244321792
2124,327,86,669993066573393920
2125,448,162,669972004481536000
2126,303,62,669970030231232512
2127,507,168,669942745918648320
2128,374,106,669926380793131010
2129,234,58,669923316447113216
2130,820,408,669753167702200320
2131,269,65,669749424290164736
2132,520,90,na
2133,391,112,669683887996555264
2134,351,136,669682090091216896
2135,669,295,669680140776046593
2136,806,447,669661788376580096
2137,3553,1844,669625903928897537
2138,953,367,669603078258221056
2139,514,152,669597904508620800
2140,1503,942,669583735898185728
2141,437,143,669573559438712832
2142,1603,1036,669571453801508864
2143,236,56,669567582983331840
2144,388,127,669564454636421120
2145,369,78,669393246552920064
2146,1341,743,669375711120093184
2147,498,184,669371476823306240
2148,469,160,669367892388003840
2149,625,232,669363803461693440
2150,371,127,669359659808129025
2151,2729,1294,669354376083996672
2152,651,266,669353426984296449
2153,440,190,669351427895111680
2154,1025,424,669328496653635584
2155,579,118,669327198734655488
2156,501,213,669324644248219648
2157,1199,410,669216674986479616
2158,441,170,669214160572411904
2159,1008,487,669203717908926469
2160,660,319,669037052726505472
2161,742,381,669015737663684612
2162,581,254,669006778303127553
2163,21050,6473,669000387991502850
2164,443,235,668994907227430913
2165,748,355,668992356952199169
2166,685,334,668989611830435842
2167,901,479,668988176392986624
2168,557,172,668986015319760896
2169,543,314,668981889504514048
2170,804,355,668979801907175424
2171,1311,589,668975674691067905
2172,145,24,na
2173,708,243,668960082093297664
2174,283,72,668955705479593984
2175,267,59,668932892672851968
2176,321,102,668902988186910720
2177,397,154,668892467224252416
2178,531,305,668872643173613568
2179,457,170,668852165096677376
2180,437,140,668826075678572544
2181,578,275,668815173491302400
2182,707,377,668779392961761281
2183,536,222,668655136865181697
2184,896,541,668645502213357568
2185,886,541,668643538813472768
2186,1083,548,668641105580281856
2187,1046,497,668636660645675008
2188,2829,1677,668633404238229504
2189,723,323,668631373981331456
2190,321,118,668627275181633536
2191,390,137,668625572470366208
2192,1438,784,668623188582989824
2193,204,43,668620231833702400
2194,616,318,668614813715664896
2195,1679,1097,na
2196,247,57,668567813263630345
2197,519,232,668544740393136128
2198,461,219,668542328894803968
2199,253,77,668537830625423360
2200,463,232,668528764805074944
2201,329,110,668507502464626688
2202,418,135,668496995305287680
2203,432,239,668484190623674369
2204,462,151,668480037449003009
2205,888,525,668466896245792768
2206,622,300,668297325815717888
2207,245,32,668291994352017409
2208,506,139,668286272272769024
2209,828,232,668274241842860032
2210,556,241,668268894449078272
2211,1317,627,668256315861504000
2212,999,498,668248467379257344
2213,6236,2893,668237637640183808
2214,300,105,668226088657682437
2215,514,200,668221234145046534
2216,555,197,668204958722990080
2217,657,199,668190675914129409
2218,495,199,668171855484870656
2219,501,321,668154632372383744
2220,570,286,668142344458383360
2221,671,245,668113012746776577
2222,1269,800,667937091314171904
2223,304,113,667924892227104768
2224,209,56,667915448932003840
2225,493,308,667911422597287936
2226,854,381,667902444320530432
2227,1896,1109,667886917715943426
2228,818,495,667885029767446528
2229,393,122,667878737548046337
2230,628,411,667873836067659776
2231,3007,1042,667866720170852352
2232,242,78,667861335531630593
2233,291,63,667832472072282112
2234,1056,497,667806449473486848
2235,329,97,667801007443677184
2236,699,335,667793397835542529
2237,409,246,667782457777754112
2238,236,57,667773194548350976
2239,441,218,667766675161219072
2240,379,152,667728195987177472
2241,482,322,667724301886480384
2242,0,35,667548685090197504
2243,0,33,667548406944960512
2244,5797,2304,667549055111835649
2245,335,125,667546741093330944
2246,866,530,667544320090710016
2247,203,65,667538890660700160
2248,816,543,667534814648496128
2249,466,241,667530907624968192
2250,1697,1115,667524856297218048
2251,366,193,667517641523761152
2252,6773,2141,667509363477577728
2253,531,220,667502639517556736
2254,517,272,667495796489633792
2255,531,229,667491008582541313
2256,256,100,667470558578216961
2257,190,60,667455447520047104
2258,309,91,667453022738366464
2259,777,580,667443422270251008
2260,448,239,667437270979485701
2261,303,83,667435686304342017
2262,464,220,667405337926832129
2263,193,55,667393429954043904
2264,363,164,667369220322136065
2265,492,242,667211850623393792
2266,610,260,667200512471801856
2267,385,108,667192061259620352
2268,741,414,667188686895861760
2269,14296,6214,667182789016596480
2270,191,55,667177985389236225
2271,610,464,667176160305000449
2272,241,83,667174956317454336
2273,221,90,667171256467398656
2274,2675,1140,667165584396824576
2275,256,62,667160269211230208
2276,47575,17083,667152157783670784
2277,4585,2205,667138263048585216
2278,328,127,667119782572007424
2279,331,126,667090887587966977
2280,401,121,667073641872494593
2281,82,14,na
2282,165,46,667065529543368704
2283,216,54,667062172346744832
2284,183,51,667044086843637761
2285,443,222,667012596533358592
2286,244,94,666996118815817730
2287,2534,979,666983940700430342
2288,810,553,666837024717058048
2289,212,80,666835004639617025
2290,252,97,666826775146565632
2291,514,249,666817830839521280
2292,237,92,666804340162732032
2293,752,484,666786064321900544
2294,381,192,666781788895911936
2295,348,174,666776898802835456
2296,233,66,666739322658398210
2297,425,218,666701161143992320
2298,186,47,666691411966824448
2299,1109,619,666649475398680576
2300,229,80,666644794307837952
2301,511,208,666454708777799680
2302,102,20,666447341910671361
2303,122,47,666437269411209216
2304,163,53,666435649399033857
2305,311,194,666430720227860480
2306,163,82,666428270859042817
2307,311,111,666421153020444674
2308,122,45,666418781095260160
2309,433,321,666411498068123649
2310,105,40,666407121513275392
2311,162,83,666396240351993856
2312,183,88,666373746337402880
2313,757,559,666362717482020864
2314,215,71,666353280906170368
2315,284,132,666345414279471104
2316,192,89,666337857791987715
2317,489,343,666293909010702337
2318,142,63,666287399580733440
2319,170,76,666273081518768128
2320,100,35,666268904428277760
2321,14012,6370,666104129232740352
2322,77,11,666102150364286977
2323,150,66,666099505364733952
2324,160,72,666093996847063040
2325,113,44,666082912819875840
2326,315,159,666073098362486784
2327,142,58,666071190449033216
2328,464,213,666063820255862784
2329,109,57,666058597072306176
2330,290,138,666057085227016192
2331,428,235,666055517517848576
2332,1195,829,666051848592334848
2333,130,57,666050754986266625
2334,105,42,666049244999131136
2335,290,136,666044217047650304
2336,122,43,666033409081393153
2337,125,46,666029276303482880
2338,2523,498,666020881337073664
